metric,mean_mm,std_mm,n,tautological
inverse_consistency,0.301542370239409,0.04179682293697367,82,YES
routed_triplet,0.5104863025248051,0.021832038404223385,200,YES
pairwise_symmetry,1.1152241753368843,0.11295671321218835,82,no
direct_triplet,1.8645266109704972,0.11820926542161128,200,no
routed_vs_direct,1.4778778625697624,0.11527547020494981,82,no
int_steps_4_ic,0.3907783031463623,0.0,10,YES
int_steps_4_dice,0.9073581218719482,0.0,10,-
int_steps_6_ic,0.3421986073255539,0.0,10,YES
int_steps_6_dice,0.905661404132843,0.0,10,-
int_steps_8_ic,0.33230994641780853,0.0,10,YES
int_steps_8_dice,0.905221962928772,0.0,10,-
int_steps_10_ic,0.3300297617912292,0.0,10,YES
int_steps_10_dice,0.9051077604293823,0.0,10,-
int_steps_12_ic,0.32947240471839906,0.0,10,YES
int_steps_12_dice,0.9050842702388764,0.0,10,-
int_steps_14_ic,0.3293337464332581,0.0,10,YES
int_steps_14_dice,0.9050797045230865,0.0,10,-
int_steps_16_ic,0.32929895222187044,0.0,10,YES
int_steps_16_dice,0.9050785958766937,0.0,10,-
