subject,wm_dice,fg_dice,folding_pct,std_log_det,mean_det,mean_disp_mm,ic_mm,ic_p99_mm,ic_ref_mm,ic_attributable_mm,ncc_identity,ncc_model,ncc_reversed,ncc_gain,pearson_identity,pearson_model,nmi_identity,nmi_model,mse_identity,mse_model,mask_frac,ncc_excluded_frac
OASIS_OAS1_0374_MR1,0.7533168196678162,0.5543907284736633,0.036418967647477984,0.46256932616233826,1.018158197402954,4.46208381652832,0.5352628827095032,3.2929720878601074,0.0031794565729796886,0.5320834261365235,0.20525234937667847,0.09272225946187973,0.10993683338165283,-0.11253008991479874,0.4734218120574951,0.3373376727104187,1.025722622871399,1.0133925676345825,0.01213252916932106,0.01365220732986927,0.15130090713500977,0.0004191398620605469
OASIS_OAS1_0456_MR1,0.7065348029136658,0.6352285593748093,0.16642394475638866,0.6483142375946045,1.0116089582443237,6.2494306564331055,0.7840782999992371,6.2168474197387695,0.005303939338773489,0.7787743606604636,0.18943631649017334,0.06845378875732422,0.07815833389759064,-0.12098252773284912,0.4907108545303345,0.20906829833984375,1.0293437242507935,1.008379340171814,0.012369679287075996,0.01863737963140011,0.1645665168762207,0.0008054971694946289
OASIS_OAS1_0415_MR1,0.7345415949821472,0.6175299808382988,0.048379620420746505,0.48204171657562256,1.0244717597961426,3.7812583446502686,0.5691203474998474,4.239433765411377,0.003207732457667589,0.5659126150421798,0.14213594794273376,0.09900735318660736,0.08654303103685379,-0.043128594756126404,0.3523353636264801,0.3715105652809143,1.0205078125,1.015604853630066,0.014296922832727432,0.01132570393383503,0.16931867599487305,0.0016981959342956543
OASIS_OAS1_0308_MR1,0.7482764720916748,0.6442122459411621,0.030951242661103606,0.46804845333099365,1.0186762809753418,4.131347179412842,0.47475770115852356,2.6395676136016846,0.00330363935790956,0.471454061800614,0.2438569962978363,0.11172759532928467,0.12586595118045807,-0.13212940096855164,0.5867636203765869,0.3480735719203949,1.037864327430725,1.0158255100250244,0.010689559392631054,0.016441980376839638,0.15264034271240234,0.0005966424942016602
OASIS_OAS1_0397_MR1,0.6761731505393982,0.5415530726313591,0.13225064612925053,0.6548200249671936,1.0264278650283813,6.086381912231445,1.1198766231536865,7.814036846160889,0.00495967548340559,1.114916947670281,0.1597076952457428,0.08541608601808548,0.08993276208639145,-0.07429160922765732,0.37667685747146606,0.2784910500049591,1.0244555473327637,1.0111035108566284,0.014373642392456532,0.015468582510948181,0.17150402069091797,0.005655169486999512
OASIS_OAS1_0406_MR1,0.6861715316772461,0.3944323882460594,0.05638593574985862,0.5453169941902161,1.0155800580978394,4.5477142333984375,0.5239750742912292,2.6774954795837402,0.002839050255715847,0.5211360240355134,0.1571199595928192,0.09454596787691116,0.0975697711110115,-0.06257399171590805,0.37129050493240356,0.3069126605987549,1.0219165086746216,1.0110682249069214,0.01408969983458519,0.014826354570686817,0.17656183242797852,0.001777052879333496
OASIS_OAS1_0069_MR1,0.6772941946983337,0.4548518434166908,0.03549140819814056,0.5315118432044983,1.0158932209014893,4.084616184234619,0.48152461647987366,2.7192225456237793,0.0032890208531171083,0.47823559562675655,0.18893422186374664,0.10614143311977386,0.10261726379394531,-0.08279278874397278,0.459843248128891,0.3395111858844757,1.0282875299453735,1.0143547058105469,0.013064755126833916,0.014539171941578388,0.16412353515625,0.0005345940589904785
OASIS_OAS1_0162_MR1,0.6805082559585571,0.36572583205997944,0.06131665431894362,0.5405219793319702,1.0147408246994019,4.914096832275391,0.5580599308013916,2.9322619438171387,0.002812591614201665,0.5552473391871899,0.1666625589132309,0.08532801270484924,0.09869551658630371,-0.08133454620838165,0.3534991145133972,0.3029589056968689,1.022399663925171,1.0108088254928589,0.014240694232285023,0.01488353218883276,0.15754985809326172,0.0038256049156188965
OASIS_OAS1_0413_MR1,0.7957450151443481,0.6575947031378746,0.026850446010939777,0.4373644292354584,1.0216161012649536,3.309720993041992,0.4745562672615051,3.2385690212249756,0.002870765747502446,0.4716855015140027,0.1649806797504425,0.13348720967769623,0.10649053007364273,-0.03149347007274628,0.41085442900657654,0.43910038471221924,1.0242207050323486,1.022517204284668,0.013431866653263569,0.010796986520290375,0.16658735275268555,0.0025331974029541016
OASIS_OAS1_0167_MR1,0.8180832266807556,0.7727749645709991,0.01869767438620329,0.3739076256752014,1.0244284868240356,3.1997952461242676,0.48119428753852844,3.915580987930298,0.002253719372674823,0.4789405681658536,0.1649145781993866,0.1561163067817688,0.09044548869132996,-0.008798271417617798,0.3664129376411438,0.4470503032207489,1.0215214490890503,1.023415207862854,0.014470876194536686,0.01018710806965828,0.1690669059753418,0.004160106182098389
OASIS_OAS1_0061_MR1,0.6668552756309509,0.3709202855825424,0.03988511743955314,0.5426865816116333,1.0148212909698486,4.182532787322998,0.48511505126953125,2.6522111892700195,0.0031206670682877302,0.4819943842012435,0.14645539224147797,0.09230367094278336,0.100059375166893,-0.05415172129869461,0.3558535873889923,0.3333025574684143,1.0201454162597656,1.011879324913025,0.014591637067496777,0.013663019053637981,0.16069459915161133,0.0021602511405944824
OASIS_OAS1_0280_MR1,0.7615850567817688,0.7178322970867157,0.0386158237233758,0.47931692004203796,1.017608404159546,4.255783557891846,0.47946688532829285,2.8942699432373047,0.0033074039965867996,0.47615948133170605,0.3086395859718323,0.11451946198940277,0.13840121030807495,-0.1941201239824295,0.6513713002204895,0.30695563554763794,1.0511573553085327,1.0176292657852173,0.010130303911864758,0.018936194479465485,0.14789056777954102,0.00023537874221801758
OASIS_OAS1_0290_MR1,0.8312464952468872,0.8228048086166382,0.007225210720207542,0.4091159999370575,1.0166187286376953,2.711120843887329,0.35225966572761536,2.2821109294891357,0.001943283248692751,0.3503163824789226,0.2408609837293625,0.18885385990142822,0.11537740379571915,-0.052007123827934265,0.5972883105278015,0.5294992923736572,1.0410418510437012,1.0363761186599731,0.010795226320624352,0.011983387172222137,0.1472625732421875,0.00036913156509399414
OASIS_OAS1_0179_MR1,0.7474370002746582,0.6363958418369293,0.05130876088514924,0.5097372531890869,1.020062804222107,4.897102355957031,0.5625830292701721,3.4188365936279297,0.0028895086143165827,0.5596935206558555,0.23541896045207977,0.09494639188051224,0.12072961032390594,-0.14047256857156754,0.5725947022438049,0.256935179233551,1.031409502029419,1.0097928047180176,0.011379783041775227,0.01787395030260086,0.13653182983398438,4.887580871582031e-05
OASIS_OAS1_0046_MR1,0.8066996932029724,0.6962131261825562,0.02606934285722673,0.4259967505931854,1.0201574563980103,3.8776726722717285,0.44381430745124817,2.808485507965088,0.0032701368909329176,0.44054417056031525,0.2002432644367218,0.11983123421669006,0.10853418707847595,-0.08041203022003174,0.48695090413093567,0.40204206109046936,1.0321732759475708,1.021371603012085,0.012390224263072014,0.013092645443975925,0.16571998596191406,0.0008113980293273926
OASIS_OAS1_0052_MR1,0.7409637570381165,0.596222959458828,0.036565426853485405,0.49248620867729187,1.0189985036849976,4.280255317687988,0.4971349239349365,2.732295274734497,0.0032213933300226927,0.49391353060491383,0.26004746556282043,0.09543611854314804,0.12484224140644073,-0.1646113470196724,0.6028414368629456,0.3078446686267853,1.0362166166305542,1.0120165348052979,0.009976571425795555,0.015842976048588753,0.1453719139099121,1.9669532775878906e-05
OASIS_OAS1_0258_MR1,0.8085868954658508,0.7465802431106567,0.027045721071772277,0.4049021005630493,1.021085500717163,3.3435585498809814,0.45561739802360535,3.451707124710083,0.002593311946839094,0.45302408607676625,0.16317667067050934,0.13921961188316345,0.10273689776659012,-0.023957058787345886,0.37675201892852783,0.4441109001636505,1.0234596729278564,1.0249533653259277,0.014038505963981152,0.009986636228859425,0.16922330856323242,0.005474984645843506
OASIS_OAS1_0310_MR1,0.6219799518585205,0.2736578406766057,0.06898123538121581,0.5780588388442993,1.013729453086853,4.8347907066345215,0.5521722435951233,3.0031814575195312,0.0028676067013293505,0.5493046368937939,0.15406131744384766,0.08217675983905792,0.0964505523443222,-0.07188455760478973,0.42201587557792664,0.3238498270511627,1.0216233730316162,1.0109858512878418,0.011956787668168545,0.015289438888430595,0.15995407104492188,0.0026502013206481934
OASIS_OAS1_0078_MR1,0.8538156151771545,0.8503291606903076,0.01044726450345479,0.3377639949321747,1.0233243703842163,3.2597341537475586,0.38504692912101746,2.8095805644989014,0.0020900426898151636,0.3829568864312023,0.22591471672058105,0.1877601593732834,0.09422656893730164,-0.03815455734729767,0.5538328289985657,0.5217368602752686,1.0372885465621948,1.030755877494812,0.010892241261899471,0.009808405302464962,0.1614675521850586,0.0008091330528259277
OASIS_OAS1_0133_MR1,0.6685383915901184,0.30492191622033715,0.06668674177490175,0.5632964372634888,1.0151349306106567,5.089572906494141,0.5815255641937256,3.2061901092529297,0.002914855955168605,0.578610708238557,0.1864635944366455,0.09835688024759293,0.10693607479333878,-0.08810671418905258,0.4387146234512329,0.34541594982147217,1.0262173414230347,1.0128778219223022,0.013267915695905685,0.015666985884308815,0.16964960098266602,0.0022092461585998535
OASIS_OAS1_0123_MR1,0.45195311307907104,0.299100324511528,0.28305251616984606,0.820294201374054,1.011216163635254,8.328579902648926,1.2430088520050049,6.766096115112305,0.007119453977793455,1.2358893980272114,0.2160038948059082,0.06741942465305328,0.08055078238248825,-0.14858447015285492,0.5802135467529297,0.001413904596120119,1.0372047424316406,1.0041022300720215,0.009969617240130901,0.023793864995241165,0.16868162155151367,0.00011587142944335938
OASIS_OAS1_0323_MR1,0.7272154092788696,0.5122037678956985,0.03549140819814056,0.4773123860359192,1.0188814401626587,3.8573849201202393,0.5005390644073486,3.079195022583008,0.003308176063001156,0.4972308883443475,0.16989292204380035,0.104986771941185,0.10703300684690475,-0.06490615010261536,0.40664801001548767,0.38610997796058655,1.023932695388794,1.0172847509384155,0.014090161770582199,0.013274804688990116,0.17647647857666016,0.00438535213470459
OASIS_OAS1_0106_MR1,0.8251261711120605,0.8141274750232697,0.010593721526674926,0.35974231362342834,1.0256848335266113,3.559248208999634,0.3692045211791992,2.3190014362335205,0.003153562778607011,0.3660509584005922,0.2631922960281372,0.15439781546592712,0.11707062274217606,-0.10879448056221008,0.608303964138031,0.4557268023490906,1.0391954183578491,1.0250396728515625,0.00964523945003748,0.012092672288417816,0.15440654754638672,2.1636486053466797e-05
OASIS_OAS1_0037_MR1,0.8215236067771912,0.7843465805053711,0.01571971515659243,0.38662222027778625,1.01964271068573,3.554999828338623,0.4382682144641876,3.2606289386749268,0.0028750193305313587,0.43539319513365626,0.18528960645198822,0.13796547055244446,0.09540688991546631,-0.04732413589954376,0.46193379163742065,0.4569370746612549,1.0294097661972046,1.0266896486282349,0.012592306360602379,0.010902822948992252,0.17036962509155273,0.0019087791442871094
OASIS_OAS1_0182_MR1,0.8211276531219482,0.8053430914878845,0.014596879191230983,0.36996445059776306,1.0218042135238647,3.3910715579986572,0.43028178811073303,3.388559103012085,0.002290732227265835,0.4279910558834672,0.191410630941391,0.17831683158874512,0.09174137562513351,-0.013093799352645874,0.4274625778198242,0.5283704400062561,1.0280845165252686,1.0322537422180176,0.013349383138120174,0.008931255899369717,0.16710948944091797,0.004536986351013184
OASIS_OAS1_0135_MR1,0.8328421115875244,0.8063752949237823,0.011618919961620122,0.3894397020339966,1.0195831060409546,3.2070584297180176,0.3907538950443268,2.7124600410461426,0.002597938058897853,0.38815595698542893,0.1983458250761032,0.13730967044830322,0.10370311886072159,-0.06103615462779999,0.5116009712219238,0.46236586570739746,1.031991720199585,1.0286140441894531,0.012027488090097904,0.011539814062416553,0.16301298141479492,0.00271451473236084
OASIS_OAS1_0186_MR1,0.6980820894241333,0.5793205350637436,0.033587467623874545,0.5390233397483826,1.016842246055603,4.1905388832092285,0.465545654296875,2.606940984725952,0.003311712061986327,0.4622339422348887,0.2122325897216797,0.10080783814191818,0.13549624383449554,-0.1114247515797615,0.5618078708648682,0.3220726251602173,1.0333805084228516,1.015114188194275,0.011956056579947472,0.01788598671555519,0.14922094345092773,0.00014382600784301758
OASIS_OAS1_0282_MR1,0.4890420734882355,0.33637089282274246,0.23042564280331135,0.8428141474723816,1.0107020139694214,7.9425435066223145,1.1315373182296753,6.751853942871094,0.00625109625980258,1.1252862219698727,0.16197632253170013,0.06588311493396759,0.07245119661092758,-0.09609320759773254,0.4122353196144104,0.17420926690101624,1.0251983404159546,1.0057638883590698,0.013738236390054226,0.01861732453107834,0.15603971481323242,0.0026738643646240234
OASIS_OAS1_0349_MR1,0.5506895184516907,0.39395200461149216,0.19361611921340227,0.8219325542449951,1.0237821340560913,8.169574737548828,1.230651617050171,8.541852951049805,0.007147613912820816,1.22350400313735,0.15912409126758575,0.06647714227437973,0.08233107626438141,-0.09264694899320602,0.4236435890197754,0.1651846319437027,1.0258097648620605,1.0064241886138916,0.013250681571662426,0.02145981416106224,0.18898677825927734,0.005404531955718994
OASIS_OAS1_0002_MR1,0.7128375172615051,0.4187144748866558,0.046866232878528535,0.5008658170700073,1.0193076133728027,4.928539752960205,0.5622374415397644,3.1847832202911377,0.0028203902766108513,0.5594170512631536,0.19844241440296173,0.10672932118177414,0.09952487051486969,-0.09171309322118759,0.44120168685913086,0.39321330189704895,1.0251190662384033,1.0159791707992554,0.012841408140957355,0.013658609241247177,0.1676783561706543,0.0012569427490234375
OASIS_OAS1_0356_MR1,0.7995082139968872,0.7842220216989517,0.01713546662358567,0.39799949526786804,1.0218263864517212,3.4616031646728516,0.39072829484939575,2.5783567428588867,0.002811963204294443,0.3879163316451013,0.314153254032135,0.13955608010292053,0.1435047835111618,-0.17459717392921448,0.663541853427887,0.4687698781490326,1.0499640703201294,1.0274728536605835,0.008691240102052689,0.01230377797037363,0.1498270034790039,0.0010566115379333496
OASIS_OAS1_0381_MR1,0.6324958205223083,0.36544097401201725,0.04364417982287705,0.5845209956169128,1.0160778760910034,4.070135593414307,0.5000076293945312,2.6362080574035645,0.003204463282600045,0.4968031661119312,0.1949581801891327,0.10746064782142639,0.10935518145561218,-0.0874975323677063,0.5198163986206055,0.36700519919395447,1.032151699066162,1.0154175758361816,0.012130474671721458,0.015025953762233257,0.15952348709106445,0.0013869404792785645
OASIS_OAS1_0226_MR1,0.7933114767074585,0.7699300944805145,0.018502397870179266,0.43079960346221924,1.0195986032485962,3.291515350341797,0.39505091309547424,2.5503406524658203,0.002759950002655387,0.39229096309281886,0.25904354453086853,0.17235833406448364,0.1181207001209259,-0.08668521046638489,0.5789148211479187,0.4714198708534241,1.0345830917358398,1.024424433708191,0.01226959191262722,0.014381465502083302,0.14085721969604492,2.0325183868408203e-05
OASIS_OAS1_0053_MR1,0.8258606791496277,0.8156120777130127,0.012155929289292544,0.3635656535625458,1.0214611291885376,3.283891201019287,0.3762551546096802,2.3732781410217285,0.0026725251227617264,0.37358262948691845,0.27157503366470337,0.1900945007801056,0.11935289949178696,-0.08148053288459778,0.5895216464996338,0.5204992294311523,1.0393480062484741,1.0300661325454712,0.010730491951107979,0.011405597440898418,0.1401057243347168,0.00022464990615844727
OASIS_OAS1_0010_MR1,0.6499766111373901,0.3991287983953953,0.053603254491463304,0.5901225805282593,1.0130523443222046,4.750591278076172,0.5227869153022766,2.723388671875,0.002941907849162817,0.5198450074531138,0.27274835109710693,0.09840033948421478,0.14993368089199066,-0.17434801161289215,0.6141341924667358,0.29233869910240173,1.0406564474105835,1.0119768381118774,0.01052811648696661,0.018465958535671234,0.1487255096435547,0.0002789497375488281
OASIS_OAS1_0312_MR1,0.7256830930709839,0.4783896878361702,0.04681741411332041,0.5247820019721985,1.0150840282440186,4.514325141906738,0.5262546539306641,3.0038914680480957,0.0031237138900905848,0.5231309400405735,0.19884252548217773,0.09397213906049728,0.11418215930461884,-0.10487038642168045,0.48266032338142395,0.2971835732460022,1.027026891708374,1.0106632709503174,0.012766847386956215,0.016767915338277817,0.16027307510375977,5.650520324707031e-05
OASIS_OAS1_0035_MR1,0.7235448360443115,0.5623669326305389,0.03441738954279572,0.5246024131774902,1.0183964967727661,4.752259254455566,0.5198003053665161,3.073218822479248,0.003070457372814417,0.5167298479937017,0.2730218470096588,0.09628288447856903,0.12418503314256668,-0.17673896253108978,0.6292465329170227,0.2551449239253998,1.0448336601257324,1.0128589868545532,0.010017137043178082,0.019620642066001892,0.16048145294189453,9.506940841674805e-05
OASIS_OAS1_0144_MR1,0.7590397596359253,0.6704917252063751,0.021675632160622627,0.4528403580188751,1.0171488523483276,3.475916624069214,0.4080853760242462,2.621980905532837,0.003075062297284603,0.4050103137269616,0.15958505868911743,0.09518329054117203,0.10423431545495987,-0.0644017681479454,0.3999755084514618,0.3682030141353607,1.024099588394165,1.017677903175354,0.013628946617245674,0.011983196251094341,0.1660327911376953,0.0036272406578063965
OASIS_OAS1_0296_MR1,0.6236816048622131,0.2925632232800126,0.07186155999079347,0.5946052074432373,1.0143376588821411,4.867653846740723,0.5584201216697693,3.0538125038146973,0.0028872794937342405,0.555532842176035,0.1975712776184082,0.09722065180540085,0.11041436344385147,-0.10035062581300735,0.4922696053981781,0.325560986995697,1.0320106744766235,1.0127302408218384,0.011927494779229164,0.015458337962627411,0.17222881317138672,0.002893209457397461
OASIS_OAS1_0254_MR1,0.7384712100028992,0.5883002653717995,0.04291189543437213,0.4970179498195648,1.0182877779006958,4.399463176727295,0.5086197257041931,2.7348227500915527,0.003203564789146185,0.5054161609150469,0.25624731183052063,0.09530368447303772,0.13787776231765747,-0.1609436273574829,0.5929439663887024,0.2671701908111572,1.0387332439422607,1.012673258781433,0.010406135581433773,0.017949780449271202,0.15437030792236328,0.0001081228256225586
OASIS_OAS1_0447_MR1,0.7708539366722107,0.6929196864366531,0.03759062383323908,0.4506732225418091,1.0197908878326416,4.227280139923096,0.4737131595611572,2.8705830574035645,0.003314368426799774,0.47039879113435745,0.24559451639652252,0.12199212610721588,0.11202021688222885,-0.12360239028930664,0.5704700946807861,0.37305644154548645,1.0332469940185547,1.0172343254089355,0.010851112194359303,0.014546826481819153,0.1473069190979004,0.0002492666244506836
OASIS_OAS1_0314_MR1,0.6114456057548523,0.31731363106518984,0.059656810481101274,0.5688883066177368,1.0137521028518677,4.4122233390808105,0.4904882311820984,2.518925428390503,0.0027934638783335686,0.4876947673037648,0.16332405805587769,0.09167225658893585,0.1075197234749794,-0.07165180146694183,0.3918129503726959,0.3301965296268463,1.0249313116073608,1.0122227668762207,0.014348151162266731,0.015014118514955044,0.16000986099243164,0.0016062259674072266
OASIS_OAS1_0113_MR1,0.8210212588310242,0.8216246366500854,0.00878741848282516,0.3872107267379761,1.020292043685913,3.0977389812469482,0.35510414838790894,2.238621234893799,0.002237696899101138,0.3528664514888078,0.2778659760951996,0.15036769211292267,0.13804353773593903,-0.12749828398227692,0.6507588624954224,0.46052420139312744,1.0476555824279785,1.029106855392456,0.008859291672706604,0.01283140666782856,0.15731430053710938,0.0002970695495605469
OASIS_OAS1_0365_MR1,0.7189103364944458,0.6586578339338303,0.022261460253503174,0.49784424901008606,1.0178362131118774,4.152387619018555,0.44760578870773315,2.592885732650757,0.003312317654490471,0.4442934710532427,0.25686901807785034,0.09484696388244629,0.14136725664138794,-0.16202205419540405,0.6162839531898499,0.26773717999458313,1.0407352447509766,1.0135520696640015,0.009829374961555004,0.018113482743501663,0.1498255729675293,0.0006683468818664551
OASIS_OAS1_0348_MR1,0.696498453617096,0.42458951473236084,0.047061507939361036,0.5316051244735718,1.017487645149231,4.386412620544434,0.5177095532417297,2.7962770462036133,0.002994769951328635,0.5147147832904011,0.1605444848537445,0.09924743324518204,0.09474120289087296,-0.06129705160856247,0.393291711807251,0.34340259432792664,1.0225945711135864,1.0138111114501953,0.013800921849906445,0.013813274912536144,0.1781930923461914,0.0031737089157104492
OASIS_OAS1_0177_MR1,0.6940157413482666,0.5508049130439758,0.12624592054635286,0.6309404969215393,1.0230211019515991,5.208682060241699,0.9678002595901489,6.801766872406006,0.0038324324414134026,0.9639678271487355,0.1739141196012497,0.0837903767824173,0.09461444616317749,-0.0901237428188324,0.41290482878685,0.28037598729133606,1.027199387550354,1.0110481977462769,0.014010649174451828,0.015524279326200485,0.1662769317626953,0.00129622220993042
OASIS_OAS1_0246_MR1,0.8181958794593811,0.7578165233135223,0.022261460253503174,0.39763912558555603,1.0203615427017212,3.168872833251953,0.4659756124019623,3.6046741008758545,0.002442424651235342,0.46353318775072694,0.15644331276416779,0.15663307905197144,0.08374553173780441,0.0001897662878036499,0.3750951886177063,0.48161354660987854,1.020850419998169,1.0253322124481201,0.014500577002763748,0.009669933468103409,0.15753841400146484,0.003686666488647461
OASIS_OAS1_0200_MR1,0.5808154344558716,0.40805141627788544,0.2927674911916256,0.7915847897529602,0.998063862323761,7.316727638244629,1.316903829574585,6.5401611328125,0.004932295996695757,1.3119715335778892,0.2077590376138687,0.07215680181980133,0.08154235780239105,-0.13560223579406738,0.48786431550979614,0.1711665540933609,1.033313274383545,1.0065257549285889,0.012357220984995365,0.01868431270122528,0.15448856353759766,0.0036884546279907227
OASIS_OAS1_0057_MR1,0.5156041383743286,0.33735572174191475,0.2725076163187623,0.7987571358680725,1.0087882280349731,7.792962551116943,1.250555396080017,6.49186897277832,0.005507525522261858,1.2450478705577552,0.15620243549346924,0.06586945056915283,0.0758133977651596,-0.0903329849243164,0.3987274467945099,0.17033876478672028,1.027083396911621,1.0068495273590088,0.013493756763637066,0.017976883798837662,0.1710047721862793,0.0017148852348327637
OASIS_OAS1_0318_MR1,0.7722676992416382,0.7194623947143555,0.02484886790625751,0.44007912278175354,1.020703673362732,3.5299594402313232,0.4504137337207794,3.253169298171997,0.003009311854839325,0.4474044218659401,0.16282537579536438,0.13369424641132355,0.09582740068435669,-0.029131129384040833,0.4299529790878296,0.44342243671417236,1.0277732610702515,1.0243332386016846,0.013166442513465881,0.010109665803611279,0.16272211074829102,0.0018930435180664062
OASIS_OAS1_0270_MR1,0.7490314841270447,0.695959210395813,0.049844192108139396,0.48305603861808777,1.0188353061676025,4.783679962158203,0.5530930161476135,3.6309452056884766,0.0028926252853125334,0.550200390862301,0.25568675994873047,0.09316049516201019,0.10583563148975372,-0.16252626478672028,0.5994948148727417,0.2541664242744446,1.0390156507492065,1.0104225873947144,0.01009432040154934,0.01735365018248558,0.15438318252563477,0.00011736154556274414
OASIS_OAS1_0185_MR1,0.6987565755844116,0.5193946957588196,0.04496229230426252,0.5335789322853088,1.016362190246582,4.51954460144043,0.5208644270896912,2.7843992710113525,0.0032121038530021906,0.517652323236689,0.2433629333972931,0.09779130667448044,0.1405627578496933,-0.14557162672281265,0.55103999376297,0.2753486931324005,1.0293244123458862,1.0095584392547607,0.011874466203153133,0.01852327026426792,0.15085601806640625,0.0002117753028869629
OASIS_OAS1_0389_MR1,0.843810498714447,0.8285853266716003,0.011374825407983735,0.3652867078781128,1.0210447311401367,3.2653913497924805,0.3552435040473938,2.3781239986419678,0.0022032444830983877,0.3530402595642954,0.2271839678287506,0.19879132509231567,0.10889850556850433,-0.028392642736434937,0.5497225522994995,0.5608401894569397,1.0399404764175415,1.0385607481002808,0.011409606784582138,0.009498484432697296,0.1547713279724121,0.0017592310905456543
OASIS_OAS1_0042_MR1,0.8002936840057373,0.7632913142442703,0.023433116439264268,0.4551306366920471,1.0164077281951904,3.4321486949920654,0.3904390335083008,2.3383779525756836,0.0030417887028306723,0.3873972448054701,0.247070774435997,0.131652370095253,0.12978006899356842,-0.11541840434074402,0.5876149535179138,0.3934191167354584,1.0376733541488647,1.0214890241622925,0.011084009893238544,0.015562738291919231,0.15293407440185547,0.00037413835525512695
OASIS_OAS1_0416_MR1,0.7993335723876953,0.7243630141019821,0.016012629203032702,0.41726183891296387,1.021253228187561,3.3838508129119873,0.4186140298843384,2.856368064880371,0.0028671100735664368,0.41574691981077194,0.1798507422208786,0.1404944211244583,0.10757442563772202,-0.03935632109642029,0.3942025899887085,0.4743459224700928,1.0253649950027466,1.0281544923782349,0.013742686249315739,0.00952930562198162,0.16018390655517578,0.0065460205078125
OASIS_OAS1_0056_MR1,0.7701109647750854,0.7298725545406342,0.03466148336883634,0.4291638135910034,1.019811987876892,4.082522869110107,0.4513058066368103,2.854382038116455,0.0033109993673861027,0.4479948072694242,0.2640998363494873,0.11980458348989487,0.12113650888204575,-0.14429525285959244,0.5901292562484741,0.3819033205509186,1.0400711297988892,1.0186947584152222,0.012007208541035652,0.0167399849742651,0.14708852767944336,0.00011020898818969727
OASIS_OAS1_0173_MR1,0.5795008540153503,0.2844304097816348,0.06790721672587097,0.5859388113021851,1.0113662481307983,4.792937755584717,0.5647679567337036,2.8817825317382812,0.0029255205299705267,0.5618424362037331,0.16383270919322968,0.09210141003131866,0.10796532779932022,-0.07173129916191101,0.41423606872558594,0.2797561287879944,1.0249723196029663,1.0103212594985962,0.01370200514793396,0.017103981226682663,0.1571521759033203,0.001426100730895996
OASIS_OAS1_0081_MR1,0.7716047763824463,0.7344721406698227,0.025092961732298136,0.4074770212173462,1.0243420600891113,3.8145081996917725,0.5292231440544128,4.39829158782959,0.0032550585456192493,0.5259680855087936,0.1737550050020218,0.12833011150360107,0.09580744057893753,-0.045424893498420715,0.3853255808353424,0.4443509876728058,1.026242971420288,1.0233198404312134,0.013657980598509312,0.00984045211225748,0.1620779037475586,0.002335965633392334
OASIS_OAS1_0343_MR1,0.6451671719551086,0.5275154709815979,0.22573901806026697,0.7589078545570374,1.0200607776641846,7.05323600769043,1.317470669746399,9.088006973266602,0.004815381485968828,1.31265528826043,0.17998407781124115,0.06789851188659668,0.087546706199646,-0.11208556592464447,0.45004600286483765,0.1876128911972046,1.0294768810272217,1.0062471628189087,0.013084462843835354,0.017411796376109123,0.16260766983032227,0.0019266009330749512
OASIS_OAS1_0402_MR1,0.761715292930603,0.6923197358846664,0.03759062383323908,0.5025460124015808,1.0181047916412354,4.145293235778809,0.4802646040916443,2.8639824390411377,0.0033107209019362926,0.476953883189708,0.23264946043491364,0.09609152376651764,0.135907381772995,-0.136557936668396,0.5910247564315796,0.2806869149208069,1.0396175384521484,1.0142273902893066,0.010971363633871078,0.019432710483670235,0.1645803451538086,0.001176297664642334
OASIS_OAS1_0303_MR1,0.7102165818214417,0.45179854705929756,0.0502347422298044,0.5119491815567017,1.0188342332839966,4.690522193908691,0.5523015260696411,3.0950019359588623,0.003020878881216049,0.5492806471884251,0.1734023541212082,0.0824107751250267,0.10825693607330322,-0.09099157899618149,0.4477013051509857,0.3183916509151459,1.0264320373535156,1.0124857425689697,0.012976491823792458,0.015377300791442394,0.1595172882080078,0.003306090831756592
OASIS_OAS1_0139_MR1,0.7029140591621399,0.6228133887052536,0.16076094470918179,0.6537567377090454,1.017130732536316,6.181766510009766,0.8015146255493164,6.402337551116943,0.005298544652760029,0.7962160808965564,0.20023953914642334,0.06718555837869644,0.0841289609670639,-0.1330539807677269,0.4915766417980194,0.22461886703968048,1.0310940742492676,1.0079671144485474,0.012536655180156231,0.016886502504348755,0.15838909149169922,0.0010928511619567871
OASIS_OAS1_0352_MR1,0.6737735867500305,0.5690355524420738,0.09290254092775285,0.5525421500205994,1.0223289728164673,5.014566421508789,0.8391565680503845,4.825551986694336,0.002819226123392582,0.8363373419269919,0.1954772174358368,0.08393429964780807,0.10167873650789261,-0.11154291778802872,0.5224654674530029,0.17839328944683075,1.0347321033477783,1.0092382431030273,0.011491004377603531,0.017808832228183746,0.16232681274414062,4.9948692321777344e-05
OASIS_OAS1_0054_MR1,0.807922899723053,0.7804139405488968,0.018404760339763016,0.37560462951660156,1.0226143598556519,3.4033074378967285,0.47421544790267944,4.020986557006836,0.002516824984923005,0.47169862291775644,0.16426461935043335,0.15217824280261993,0.09628525376319885,-0.012086376547813416,0.38168951869010925,0.49210184812545776,1.0252392292022705,1.0285831689834595,0.013713977299630642,0.008551330305635929,0.16579055786132812,0.003221273422241211
OASIS_OAS1_0430_MR1,0.6676449179649353,0.5286778137087822,0.042472523637115955,0.5588828325271606,1.0153781175613403,4.562497615814209,0.534194827079773,2.8565213680267334,0.003278036369010806,0.5309167907107621,0.29302293062210083,0.1011960580945015,0.15636928379535675,-0.19182687252759933,0.6320553421974182,0.314236044883728,1.0440293550491333,1.0126333236694336,0.010463087819516659,0.018376167863607407,0.1516742706298828,0.0006948113441467285
OASIS_OAS1_0442_MR1,0.824944257736206,0.8194238990545273,0.013766955817118287,0.3553667366504669,1.0242804288864136,3.4214119911193848,0.4552920162677765,3.6154592037200928,0.002377273514866829,0.45291474275290966,0.1515958309173584,0.16132798790931702,0.09007343649864197,0.009732156991958618,0.3710794746875763,0.5174366235733032,1.021782636642456,1.029453158378601,0.013877554796636105,0.00858448538929224,0.16860723495483398,0.0017590522766113281
OASIS_OAS1_0157_MR1,0.49366915225982666,0.33922818303108215,0.2033310942351818,0.8446172475814819,1.0209729671478271,8.067117691040039,1.0844087600708008,7.307165145874023,0.006986792199313641,1.0774219678714871,0.20151817798614502,0.06340630352497101,0.07674513012170792,-0.138111874461174,0.4995659291744232,0.12327057123184204,1.028251051902771,1.004634976387024,0.012228811159729958,0.022184602916240692,0.16492938995361328,0.0002052783966064453
OASIS_OAS1_0077_MR1,0.792118489742279,0.6972924619913101,0.03134179278276861,0.43065568804740906,1.0201772451400757,3.4871115684509277,0.5110216736793518,3.8501880168914795,0.002988722175359726,0.5080329515039921,0.20027370750904083,0.13738812506198883,0.09890226274728775,-0.062885582447052,0.4591062068939209,0.42789551615715027,1.032161831855774,1.0242167711257935,0.012537078931927681,0.010929835960268974,0.16385936737060547,0.0036084651947021484
OASIS_OAS1_0121_MR1,0.4972879886627197,0.3374774232506752,0.09383010328747332,0.6977745890617371,1.0126070976257324,6.164678573608398,0.7931339144706726,4.3765764236450195,0.005123473238199949,0.7880104412324727,0.18768613040447235,0.07940437644720078,0.09133384376764297,-0.10828175395727158,0.475497305393219,0.20957064628601074,1.0316555500030518,1.0082728862762451,0.01211392879486084,0.016687432304024696,0.16901922225952148,0.0017745494842529297
OASIS_OAS1_0332_MR1,0.767406702041626,0.6662725657224655,0.03056068962905556,0.4710318148136139,1.0178581476211548,3.608614206314087,0.4484482407569885,2.695585250854492,0.0031656080391258,0.4452826327178627,0.2181388884782791,0.1148824617266655,0.12234813719987869,-0.10325642675161362,0.5592185258865356,0.3738749325275421,1.038276195526123,1.0202419757843018,0.011211260221898556,0.014643363654613495,0.1507854461669922,0.00020241737365722656
OASIS_OAS1_0202_MR1,0.8137984275817871,0.720485657453537,0.019869330571964383,0.4103599190711975,1.0243600606918335,2.997617483139038,0.4733165204524994,3.721031904220581,0.002248211530968547,0.47106830892153084,0.1411968618631363,0.1297127902507782,0.0886583924293518,-0.011484071612358093,0.33802762627601624,0.44921350479125977,1.021498203277588,1.023873209953308,0.015400872565805912,0.009643105790019035,0.16633367538452148,0.01036614179611206
OASIS_OAS1_0273_MR1,0.5356262922286987,0.4542030766606331,0.35393768921494484,0.860693097114563,1.0158690214157104,8.014411926269531,1.378549337387085,8.051666259765625,0.006761013064533472,1.3717883243225515,0.233723983168602,0.0581015944480896,0.07581187039613724,-0.1756223887205124,0.5826100707054138,0.05070827156305313,1.0374847650527954,1.0043437480926514,0.010869649238884449,0.023710839450359344,0.14470195770263672,0.0002570152282714844
OASIS_OAS1_0168_MR1,0.7862083315849304,0.720364898443222,0.03046305209863931,0.43336471915245056,1.0253599882125854,3.5872693061828613,0.48992273211479187,3.2767863273620605,0.0027325754053890705,0.4871901567094028,0.19913750886917114,0.11728431284427643,0.10090126097202301,-0.08185319602489471,0.47921279072761536,0.3841150104999542,1.0333502292633057,1.0211446285247803,0.012653328478336334,0.011996627785265446,0.16057062149047852,0.004689037799835205
OASIS_OAS1_0446_MR1,0.7388710379600525,0.6664527803659439,0.03988511743955314,0.49894413352012634,1.026962161064148,4.039549350738525,0.5829312205314636,3.671668767929077,0.0032889486756175756,0.579642271855846,0.2533473074436188,0.10269109159708023,0.12410986423492432,-0.15065621584653854,0.5837296843528748,0.2884170711040497,1.0383344888687134,1.0133426189422607,0.010619040578603745,0.015819555148482323,0.15068340301513672,0.0007658004760742188
OASIS_OAS1_0229_MR1,0.7304456233978271,0.5972020328044891,0.05584892933256924,0.5008629560470581,1.027051568031311,4.3406500816345215,0.6648618578910828,4.690997123718262,0.0032973706256598234,0.6615644872654229,0.17918401956558228,0.0965857058763504,0.10811707377433777,-0.08259831368923187,0.4403225779533386,0.28595155477523804,1.0278465747833252,1.013475775718689,0.012838602066040039,0.014356722123920918,0.17189550399780273,0.003506302833557129
OASIS_OAS1_0278_MR1,0.7661947011947632,0.6627534776926041,0.05609302315860987,0.49709227681159973,1.0167959928512573,4.511468410491943,0.5091215372085571,3.192444324493408,0.0031690753530710936,0.505952461855486,0.24934963881969452,0.11098483949899673,0.10453560948371887,-0.13836479932069778,0.5880016088485718,0.32971397042274475,1.0335493087768555,1.0135568380355835,0.010324526578187943,0.015947958454489708,0.14921998977661133,5.751848220825195e-05
OASIS_OAS1_0291_MR1,0.5806072354316711,0.47536710649728775,0.24287449195981026,0.767398476600647,1.0165953636169434,7.810705661773682,1.3700703382492065,8.7178955078125,0.005997657775878906,1.3640726804733276,0.19729429483413696,0.06593820452690125,0.08355473726987839,-0.13135609030723572,0.5013183355331421,0.14434891939163208,1.0268272161483765,1.0038083791732788,0.011994566768407822,0.020134493708610535,0.15377330780029297,0.0
OASIS_OAS1_0143_MR1,0.7702596783638,0.7105186581611633,0.03285518323536962,0.44751960039138794,1.0190925598144531,3.7752809524536133,0.48176971077919006,3.210329532623291,0.0032972954213619232,0.47847241535782814,0.18834452331066132,0.12245498597621918,0.1110764816403389,-0.06588953733444214,0.46378183364868164,0.40968167781829834,1.0264856815338135,1.0186326503753662,0.01305074617266655,0.012669339776039124,0.1622939109802246,0.0022153258323669434
OASIS_OAS1_0023_MR1,0.8080987930297852,0.8026749193668365,0.015817354142200202,0.3750515282154083,1.0224655866622925,3.2768163681030273,0.40266039967536926,2.6209707260131836,0.0024840780533850193,0.40017632162198424,0.22414864599704742,0.1520853191614151,0.0983130931854248,-0.07206332683563232,0.5458148717880249,0.4622233211994171,1.0349633693695068,1.0254247188568115,0.011756143532693386,0.01280677504837513,0.15723180770874023,0.00043064355850219727
OASIS_OAS1_0237_MR1,0.7862074971199036,0.6673679202795029,0.03597959876060486,0.4543463885784149,1.019795298576355,3.8620107173919678,0.5053076148033142,3.1843090057373047,0.0031938229221850634,0.5021137918811291,0.21843715012073517,0.11911356449127197,0.12075354158878326,-0.0993235856294632,0.5404677391052246,0.3773989975452423,1.0402663946151733,1.0215845108032227,0.011408212594687939,0.01438852772116661,0.16399717330932617,0.004855692386627197
OASIS_OAS1_0432_MR1,0.7921766042709351,0.7520596534013748,0.024897686671465635,0.4052152931690216,1.0207239389419556,3.546313524246216,0.4340658187866211,3.0314207077026367,0.0028874280396848917,0.4311783907469362,0.21555010974407196,0.1360548585653305,0.09768431633710861,-0.07949525117874146,0.5270634293556213,0.4406968951225281,1.0344505310058594,1.0238633155822754,0.011380125768482685,0.011465112678706646,0.15739727020263672,0.0005665421485900879
OASIS_OAS1_0217_MR1,0.7859551906585693,0.7752875238656998,0.021724452381022274,0.4021451771259308,1.0214203596115112,3.824512004852295,0.42875900864601135,2.781933069229126,0.003156316699460149,0.4256026919465512,0.2783001959323883,0.12767699360847473,0.11084616929292679,-0.15062320232391357,0.6307766437530518,0.40727218985557556,1.0452532768249512,1.0215421915054321,0.009735331870615482,0.01436757855117321,0.14471435546875,0.000250399112701416
